<?xml version="1.0" encoding="UTF-8"?>
<project-private xmlns="http://www.netbeans.org/ns/project-private/1">
    <editor-bookmarks xmlns="http://www.netbeans.org/ns/editor-bookmarks/2" lastBookmarkId="0"/>
    <open-files xmlns="http://www.netbeans.org/ns/projectui-open-files/2">
        <group>
            <file>file:/C:/Users/User/Documents/NetBeansProjects/TrackBowlSystem/src/Inventory.java</file>
            <file>file:/C:/Users/User/Documents/NetBeansProjects/TrackBowlSystem/src/DashBoard.java</file>
            <file>file:/C:/Users/User/Documents/NetBeansProjects/TrackBowlSystem/src/ItemsSoldToday.java</file>
            <file>file:/C:/Users/User/Documents/NetBeansProjects/TrackBowlSystem/src/AccountInfo.java</file>
            <file>file:/C:/Users/User/Documents/NetBeansProjects/TrackBowlSystem/src/AddItem.java</file>
            <file>file:/C:/Users/User/Documents/NetBeansProjects/TrackBowlSystem/src/Display.java</file>
            <file>file:/C:/Users/User/Documents/NetBeansProjects/TrackBowlSystem/src/UpdateInfo.java</file>
            <file>file:/C:/Users/User/Documents/NetBeansProjects/TrackBowlSystem/src/changeAdminPin.java</file>
            <file>file:/C:/Users/User/Documents/NetBeansProjects/TrackBowlSystem/src/CreateAccounts.java</file>
            <file>file:/C:/Users/User/Documents/NetBeansProjects/TrackBowlSystem/src/FinalLoginPage.java</file>
        </group>
    </open-files>
</project-private>
